<?xml version="1.0" encoding="UTF-8"?>
<info:toolkitInfoModel
 xmlns:common="http://www.ibm.com/xmlns/prod/streams/spl/common" xmlns:info="http://www.ibm.com/xmlns/prod/streams/spl/toolkitInfo">
 <info:identity>
   <info:name>TradesApp</info:name>
    <info:description></info:description>
    <info:version>1.0.0</info:version>
    <info:requiredProductVersion>4.0.0.0</info:requiredProductVersion>
  </info:identity>
  <info:dependencies/>
  <info:sabFiles>
    <info:include path="data/**"/>
  </info:sabFiles>
</info:toolkitInfoModel>